Workbook

Sheet Istruzioni
A1: Raccolta dati - Calore specifico e calore latente di fusione del ghiaccio
A2: Corso di Termodinamica e Laboratorio
A4: Legenda colori
A5: Cella gialla, testo blu | B5: Dato da inserire (misura)
A6: Cella azzurra | B6: Formula calcolata automaticamente: non modificare
A7: Riga grigia 'ESEMPIO' | B7: Riga dimostrativa con valori inventati per mostrare il formato; non entra in medie e statistiche
A9: Fogli
A10: Parametri | B10: Calore specifico acqua, massa equivalente thermos Me, incertezze strumentali (modificabili)
A11: Calore specifico | B11: Una riga per misura (eq. 3). Alluminio: almeno 5 misure; altri materiali: almeno 2
A12: Riepilogo c | B12: Media, dispersione e confronto con valori di letteratura per ogni materiale
A13: Calore latente | B13: Misure del calore latente di fusione del ghiaccio (eq. 4), almeno 2 ripetizioni
A14: Massa equivalente | B14: Misura opzionale di Me (eq. 1)
A16: Note
A17: Pesate | B17: Le masse di acqua e ghiaccio si ottengono per differenza: inserire le pesate lorde, i calcoli sono automatici
A18: Incertezze | B18: Propagate in quadratura assumendo errori indipendenti; i valori di sigma sono ipotesi iniziali da aggiornare con la risoluzione reale di bilancia e termometri
A19: Temperature | B19: Tutte in gradi Celsius; differenze in K equivalenti

Sheet Parametri
A1: Parametri
A2: Valori modificabili (celle gialle). Gli altri fogli li richiamano automaticamente
A3: Parametro | B3: Valore | C3: Unità | D3: Fonte / nota
A4: Calore specifico acqua c_a | B4: 1 | C4: cal/(g·K) | D4: Dato della traccia (c_a = 1 cal/gK)
A5: Massa equivalente thermos M_e | B5: 25 | C5: g | D5: Dato della traccia: (25 ± 5) g; sostituire con la misura se eseguita
A6: Incertezza su M_e | B6: 5 | C6: g | D6: Dato della traccia
A7: Incertezza singola pesata σ_m | B7: 0.1 | C7: g | D7: Ipotesi: risoluzione bilancia da verificare sullo strumento
A8: Incertezza su massa per differenza σ_md | B8: =SQRT(2)*B7 -> 0.14142136 | C8: g | D8: Calcolata: due pesate indipendenti
A9: Incertezza temperatura σ_T | B9: 0.1 | C9: °C | D9: Ipotesi: risoluzione termometro da verificare
A10: Temperatura ghiaccio T_g | B10: 0 | C10: °C | D10: Dato della traccia (ghiaccio alla temperatura di fusione)
A11: Fattore di conversione cal → J | B11: 4.186 | C11: J/cal | D11: Valore standard (1 cal = 4,186 J)

Sheet Calore specifico
A1: Misura del calore specifico (eq. 3)
A2: c1 = c_a (m_a + M_e)(T_a - T_f) / [m1 (T_f - T1)] - blocchetto a T1 trasferito nel thermos con acqua m_a a T_a
A4: Materiale | B4: N° misura | C4: Massa blocchetto m1 (g) | D4: T1 blocchetto in acqua calda (°C) | E4: Massa thermos vuoto (g) | F4: Massa thermos + acqua (g) | G4: Massa acqua m_a (g) | H4: T_a acqua ambiente (°C) | I4: T_f equilibrio (°C) | J4: c1 (cal/g·K) | K4: σ(c1) (cal/g·K) | L4: σ(c1)/c1 (%) | M4: Note
A5: ESEMPIO (Alluminio) | B5: 1 | C5: 120.5 | D5: 64.2 | E5: 310.4 | F5: 510.9 | G5: =IF(COUNT(E5:F5)<2,"",F5-E5) -> 200.5 | H5: 24.8 | I5: 28.9 | J5: =IF(COUNT(C5:D5,G5:I5)<5,"",Parametri!$B$4*(G5+Parametri!$B$5)*(H5-I5)/(C5*(I5-D5))) -> 0.21735451 | K5: =IF(J5="","",J5*SQRT((Parametri!$B$8^2+Parametri!$B$6^2)/(G5+Parametri!$B$5)^2+Parametri!$B$9^2/(H5-I5)^2+Parametri!$B$7^2/C5^2+Parametri!$B$9^2*(1/(H5-I5)+1/(I5-D5))^2+Parametri!$B$9^2/(I5-D5)^2)) -> 0.0093151768 | L5: =IF(J5="","",100*K5/J5) -> 4.2857067 | M5: valori inventati
A6: Alluminio | B6: 1 | G6: =IF(COUNT(E6:F6)<2,"",F6-E6) | J6: =IF(COUNT(C6:D6,G6:I6)<5,"",Parametri!$B$4*(G6+Parametri!$B$5)*(H6-I6)/(C6*(I6-D6))) | K6: =IF(J6="","",J6*SQRT((Parametri!$B$8^2+Parametri!$B$6^2)/(G6+Parametri!$B$5)^2+Parametri!$B$9^2/(H6-I6)^2+Parametri!$B$7^2/C6^2+Parametri!$B$9^2*(1/(H6-I6)+1/(I6-D6))^2+Parametri!$B$9^2/(I6-D6)^2)) | L6: =IF(J6="","",100*K6/J6)
A7: Alluminio | B7: 2 | G7: =IF(COUNT(E7:F7)<2,"",F7-E7) | J7: =IF(COUNT(C7:D7,G7:I7)<5,"",Parametri!$B$4*(G7+Parametri!$B$5)*(H7-I7)/(C7*(I7-D7))) | K7: =IF(J7="","",J7*SQRT((Parametri!$B$8^2+Parametri!$B$6^2)/(G7+Parametri!$B$5)^2+Parametri!$B$9^2/(H7-I7)^2+Parametri!$B$7^2/C7^2+Parametri!$B$9^2*(1/(H7-I7)+1/(I7-D7))^2+Parametri!$B$9^2/(I7-D7)^2)) | L7: =IF(J7="","",100*K7/J7)
A8: Alluminio | B8: 3 | G8: =IF(COUNT(E8:F8)<2,"",F8-E8) | J8: =IF(COUNT(C8:D8,G8:I8)<5,"",Parametri!$B$4*(G8+Parametri!$B$5)*(H8-I8)/(C8*(I8-D8))) | K8: =IF(J8="","",J8*SQRT((Parametri!$B$8^2+Parametri!$B$6^2)/(G8+Parametri!$B$5)^2+Parametri!$B$9^2/(H8-I8)^2+Parametri!$B$7^2/C8^2+Parametri!$B$9^2*(1/(H8-I8)+1/(I8-D8))^2+Parametri!$B$9^2/(I8-D8)^2)) | L8: =IF(J8="","",100*K8/J8)
A9: Alluminio | B9: 4 | G9: =IF(COUNT(E9:F9)<2,"",F9-E9) | J9: =IF(COUNT(C9:D9,G9:I9)<5,"",Parametri!$B$4*(G9+Parametri!$B$5)*(H9-I9)/(C9*(I9-D9))) | K9: =IF(J9="","",J9*SQRT((Parametri!$B$8^2+Parametri!$B$6^2)/(G9+Parametri!$B$5)^2+Parametri!$B$9^2/(H9-I9)^2+Parametri!$B$7^2/C9^2+Parametri!$B$9^2*(1/(H9-I9)+1/(I9-D9))^2+Parametri!$B$9^2/(I9-D9)^2)) | L9: =IF(J9="","",100*K9/J9)
A10: Alluminio | B10: 5 | G10: =IF(COUNT(E10:F10)<2,"",F10-E10) | J10: =IF(COUNT(C10:D10,G10:I10)<5,"",Parametri!$B$4*(G10+Parametri!$B$5)*(H10-I10)/(C10*(I10-D10))) | K10: =IF(J10="","",J10*SQRT((Parametri!$B$8^2+Parametri!$B$6^2)/(G10+Parametri!$B$5)^2+Parametri!$B$9^2/(H10-I10)^2+Parametri!$B$7^2/C10^2+Parametri!$B$9^2*(1/(H10-I10)+1/(I10-D10))^2+Parametri!$B$9^2/(I10-D10)^2)) | L10: =IF(J10="","",100*K10/J10)
A11: Alluminio | B11: 6 | G11: =IF(COUNT(E11:F11)<2,"",F11-E11) | J11: =IF(COUNT(C11:D11,G11:I11)<5,"",Parametri!$B$4*(G11+Parametri!$B$5)*(H11-I11)/(C11*(I11-D11))) | K11: =IF(J11="","",J11*SQRT((Parametri!$B$8^2+Parametri!$B$6^2)/(G11+Parametri!$B$5)^2+Parametri!$B$9^2/(H11-I11)^2+Parametri!$B$7^2/C11^2+Parametri!$B$9^2*(1/(H11-I11)+1/(I11-D11))^2+Parametri!$B$9^2/(I11-D11)^2)) | L11: =IF(J11="","",100*K11/J11)
A12: Alluminio | B12: 7 | G12: =IF(COUNT(E12:F12)<2,"",F12-E12) | J12: =IF(COUNT(C12:D12,G12:I12)<5,"",Parametri!$B$4*(G12+Parametri!$B$5)*(H12-I12)/(C12*(I12-D12))) | K12: =IF(J12="","",J12*SQRT((Parametri!$B$8^2+Parametri!$B$6^2)/(G12+Parametri!$B$5)^2+Parametri!$B$9^2/(H12-I12)^2+Parametri!$B$7^2/C12^2+Parametri!$B$9^2*(1/(H12-I12)+1/(I12-D12))^2+Parametri!$B$9^2/(I12-D12)^2)) | L12: =IF(J12="","",100*K12/J12)
A13: Ottone | B13: 1 | G13: =IF(COUNT(E13:F13)<2,"",F13-E13) | J13: =IF(COUNT(C13:D13,G13:I13)<5,"",Parametri!$B$4*(G13+Parametri!$B$5)*(H13-I13)/(C13*(I13-D13))) | K13: =IF(J13="","",J13*SQRT((Parametri!$B$8^2+Parametri!$B$6^2)/(G13+Parametri!$B$5)^2+Parametri!$B$9^2/(H13-I13)^2+Parametri!$B$7^2/C13^2+Parametri!$B$9^2*(1/(H13-I13)+1/(I13-D13))^2+Parametri!$B$9^2/(I13-D13)^2)) | L13: =IF(J13="","",100*K13/J13)
A14: Ottone | B14: 2 | G14: =IF(COUNT(E14:F14)<2,"",F14-E14) | J14: =IF(COUNT(C14:D14,G14:I14)<5,"",Parametri!$B$4*(G14+Parametri!$B$5)*(H14-I14)/(C14*(I14-D14))) | K14: =IF(J14="","",J14*SQRT((Parametri!$B$8^2+Parametri!$B$6^2)/(G14+Parametri!$B$5)^2+Parametri!$B$9^2/(H14-I14)^2+Parametri!$B$7^2/C14^2+Parametri!$B$9^2*(1/(H14-I14)+1/(I14-D14))^2+Parametri!$B$9^2/(I14-D14)^2)) | L14: =IF(J14="","",100*K14/J14)
A15: Ottone | B15: 3 | G15: =IF(COUNT(E15:F15)<2,"",F15-E15) | J15: =IF(COUNT(C15:D15,G15:I15)<5,"",Parametri!$B$4*(G15+Parametri!$B$5)*(H15-I15)/(C15*(I15-D15))) | K15: =IF(J15="","",J15*SQRT((Parametri!$B$8^2+Parametri!$B$6^2)/(G15+Parametri!$B$5)^2+Parametri!$B$9^2/(H15-I15)^2+Parametri!$B$7^2/C15^2+Parametri!$B$9^2*(1/(H15-I15)+1/(I15-D15))^2+Parametri!$B$9^2/(I15-D15)^2)) | L15: =IF(J15="","",100*K15/J15)
A16: Okite | B16: 1 | G16: =IF(COUNT(E16:F16)<2,"",F16-E16) | J16: =IF(COUNT(C16:D16,G16:I16)<5,"",Parametri!$B$4*(G16+Parametri!$B$5)*(H16-I16)/(C16*(I16-D16))) | K16: =IF(J16="","",J16*SQRT((Parametri!$B$8^2+Parametri!$B$6^2)/(G16+Parametri!$B$5)^2+Parametri!$B$9^2/(H16-I16)^2+Parametri!$B$7^2/C16^2+Parametri!$B$9^2*(1/(H16-I16)+1/(I16-D16))^2+Parametri!$B$9^2/(I16-D16)^2)) | L16: =IF(J16="","",100*K16/J16)
A17: Okite | B17: 2 | G17: =IF(COUNT(E17:F17)<2,"",F17-E17) | J17: =IF(COUNT(C17:D17,G17:I17)<5,"",Parametri!$B$4*(G17+Parametri!$B$5)*(H17-I17)/(C17*(I17-D17))) | K17: =IF(J17="","",J17*SQRT((Parametri!$B$8^2+Parametri!$B$6^2)/(G17+Parametri!$B$5)^2+Parametri!$B$9^2/(H17-I17)^2+Parametri!$B$7^2/C17^2+Parametri!$B$9^2*(1/(H17-I17)+1/(I17-D17))^2+Parametri!$B$9^2/(I17-D17)^2)) | L17: =IF(J17="","",100*K17/J17)
... A21: Granito | B21: 3 | G21: =IF(COUNT(E21:F21)<2,"",F21-E21) | J21: =IF(COUNT(C21:D21,G21:I21)<5,"",Parametri!$B$4*(G21+Parametri!$B$5)*(H21-I21)/(C21*(I21-D21))) | K21: =IF(J21="","",J21*SQRT((Parametri!$B$8^2+Parametri!$B$6^2)/(G21+Parametri!$B$5)^2+Parametri!$B$9^2/(H21-I21)^2+Parametri!$B$7^2/C21^2+Parametri!$B$9^2*(1/(H21-I21)+1/(I21-D21))^2+Parametri!$B$9^2/(I21-D21)^2)) | L21: =IF(J21="","",100*K21/J21)
A23: Nota: il blocchetto, riga 'ESEMPIO' esclusa, va pesato prima dell'immersione. Alluminio: almeno 5 misure (7 righe disponibili); altri materiali: almeno 2 misure (3 righe).

Sheet Riepilogo c
A1: Riepilogo calore specifico per materiale
A2: Media, dispersione e confronto con letteratura
A4: Materiale | B4: N misure | C4: Media c (cal/g·K) | D4: Dev. standard s (cal/g·K) | E4: Dev. standard della media s/√N | F4: σ propagata media (cal/g·K) | G4: Media c (J/g·K) | H4: c letteratura (cal/g·K) | I4: Scarto da letteratura (%) | J4: Nota
A5: Alluminio | B5: =COUNT('Calore specifico'!J6:J12) -> 0 | C5: =IF(B5=0,"",AVERAGE('Calore specifico'!J6:J12)) | D5: =IF(B5<2,"",STDEV('Calore specifico'!J6:J12)) | E5: =IF(B5<2,"",D5/SQRT(B5)) | F5: =IF(B5=0,"",AVERAGE('Calore specifico'!K6:K12)) | G5: =IF(B5=0,"",C5*Parametri!$B$11) | H5: 0.215 | I5: =IF(OR(C5="",H5=""),"",100*(C5-H5)/H5) | J5: Valore indicativo di letteratura (0,90 J/gK): verificare
A6: Ottone | B6: =COUNT('Calore specifico'!J13:J15) -> 0 | C6: =IF(B6=0,"",AVERAGE('Calore specifico'!J13:J15)) | D6: =IF(B6<2,"",STDEV('Calore specifico'!J13:J15)) | E6: =IF(B6<2,"",D6/SQRT(B6)) | F6: =IF(B6=0,"",AVERAGE('Calore specifico'!K13:K15)) | G6: =IF(B6=0,"",C6*Parametri!$B$11) | H6: 0.092 | I6: =IF(OR(C6="",H6=""),"",100*(C6-H6)/H6) | J6: Valore indicativo di letteratura (0,385 J/gK): verificare
A7: Okite | B7: =COUNT('Calore specifico'!J16:J18) -> 0 | C7: =IF(B7=0,"",AVERAGE('Calore specifico'!J16:J18)) | D7: =IF(B7<2,"",STDEV('Calore specifico'!J16:J18)) | E7: =IF(B7<2,"",D7/SQRT(B7)) | F7: =IF(B7=0,"",AVERAGE('Calore specifico'!K16:K18)) | G7: =IF(B7=0,"",C7*Parametri!$B$11) | I7: =IF(OR(C7="",H7=""),"",100*(C7-H7)/H7) | J7: Valore di riferimento non noto: inserire se disponibile
A8: Granito | B8: =COUNT('Calore specifico'!J19:J21) -> 0 | C8: =IF(B8=0,"",AVERAGE('Calore specifico'!J19:J21)) | D8: =IF(B8<2,"",STDEV('Calore specifico'!J19:J21)) | E8: =IF(B8<2,"",D8/SQRT(B8)) | F8: =IF(B8=0,"",AVERAGE('Calore specifico'!K19:K21)) | G8: =IF(B8=0,"",C8*Parametri!$B$11) | H8: 0.19 | I8: =IF(OR(C8="",H8=""),"",100*(C8-H8)/H8) | J8: Valore indicativo di letteratura (0,79 J/gK), varia con la composizione: verificare
A10: Confrontare s (dispersione delle misure ripetute) con σ propagata: se s ≫ σ ci sono errori sistematici o variazioni non controllate tra le misure.

Sheet Calore latente
A1: Misura del calore latente di fusione del ghiaccio (eq. 4)
A2: λ_g = c_a [ (m_a + M_e)(T_a - T_f) / m_g - (T_f - T_g) ]
A4: N° misura | B4: Massa thermos vuoto (g) | C4: Massa thermos + acqua calda, prima (g) | D4: Massa thermos dopo aggiunta ghiaccio sciolto (g) | E4: Massa acqua m_a (g) | F4: Massa ghiaccio m_g (g) | G4: T_a acqua calda (°C) | H4: T_f equilibrio (°C) | I4: λ_g (cal/g) | J4: σ(λ_g) (cal/g) | K4: λ_g (J/g) | L4: σ(λ_g)/λ_g (%) | M4: Note
A5: ESEMPIO | B5: 310.4 | C5: 510.8 | D5: 581.1 | E5: =IF(COUNT(B5:C5)<2,"",C5-B5) -> 200.4 | F5: =IF(COUNT(C5:D5)<2,"",D5-C5) -> 70.3 | G5: 55.2 | H5: 23 | I5: =IF(COUNT(E5:H5)<4,"",Parametri!$B$4*((E5+Parametri!$B$5)*(G5-H5)/F5-(H5-Parametri!$B$10))) -> 80.241536 | J5: =IF(I5="","",Parametri!$B$4*SQRT(((G5-H5)/F5)^2*(Parametri!$B$8^2+Parametri!$B$6^2)+((E5+Parametri!$B$5)/F5)^2*Parametri!$B$9^2+(-(E5+Parametri!$B$5)/F5-1)^2*Parametri!$B$9^2+((E5+Parametri!$B$5)*(G5-H5)/F5^2)^2*Parametri!$B$8^2+Parametri!$B$9^2)) -> 2.3626267 | K5: =IF(I5="","",I5*Parametri!$B$11) -> 335.89107 | L5: =IF(I5="","",100*J5/I5) -> 2.9443936 | M5: valori inventati
A6: 1 | E6: =IF(COUNT(B6:C6)<2,"",C6-B6) | F6: =IF(COUNT(C6:D6)<2,"",D6-C6) | I6: =IF(COUNT(E6:H6)<4,"",Parametri!$B$4*((E6+Parametri!$B$5)*(G6-H6)/F6-(H6-Parametri!$B$10))) | J6: =IF(I6="","",Parametri!$B$4*SQRT(((G6-H6)/F6)^2*(Parametri!$B$8^2+Parametri!$B$6^2)+((E6+Parametri!$B$5)/F6)^2*Parametri!$B$9^2+(-(E6+Parametri!$B$5)/F6-1)^2*Parametri!$B$9^2+((E6+Parametri!$B$5)*(G6-H6)/F6^2)^2*Parametri!$B$8^2+Parametri!$B$9^2)) | K6: =IF(I6="","",I6*Parametri!$B$11) | L6: =IF(I6="","",100*J6/I6)
A7: 2 | E7: =IF(COUNT(B7:C7)<2,"",C7-B7) | F7: =IF(COUNT(C7:D7)<2,"",D7-C7) | I7: =IF(COUNT(E7:H7)<4,"",Parametri!$B$4*((E7+Parametri!$B$5)*(G7-H7)/F7-(H7-Parametri!$B$10))) | J7: =IF(I7="","",Parametri!$B$4*SQRT(((G7-H7)/F7)^2*(Parametri!$B$8^2+Parametri!$B$6^2)+((E7+Parametri!$B$5)/F7)^2*Parametri!$B$9^2+(-(E7+Parametri!$B$5)/F7-1)^2*Parametri!$B$9^2+((E7+Parametri!$B$5)*(G7-H7)/F7^2)^2*Parametri!$B$8^2+Parametri!$B$9^2)) | K7: =IF(I7="","",I7*Parametri!$B$11) | L7: =IF(I7="","",100*J7/I7)
A8: 3 | E8: =IF(COUNT(B8:C8)<2,"",C8-B8) | F8: =IF(COUNT(C8:D8)<2,"",D8-C8) | I8: =IF(COUNT(E8:H8)<4,"",Parametri!$B$4*((E8+Parametri!$B$5)*(G8-H8)/F8-(H8-Parametri!$B$10))) | J8: =IF(I8="","",Parametri!$B$4*SQRT(((G8-H8)/F8)^2*(Parametri!$B$8^2+Parametri!$B$6^2)+((E8+Parametri!$B$5)/F8)^2*Parametri!$B$9^2+(-(E8+Parametri!$B$5)/F8-1)^2*Parametri!$B$9^2+((E8+Parametri!$B$5)*(G8-H8)/F8^2)^2*Parametri!$B$8^2+Parametri!$B$9^2)) | K8: =IF(I8="","",I8*Parametri!$B$11) | L8: =IF(I8="","",100*J8/I8)
A9: 4 | E9: =IF(COUNT(B9:C9)<2,"",C9-B9) | F9: =IF(COUNT(C9:D9)<2,"",D9-C9) | I9: =IF(COUNT(E9:H9)<4,"",Parametri!$B$4*((E9+Parametri!$B$5)*(G9-H9)/F9-(H9-Parametri!$B$10))) | J9: =IF(I9="","",Parametri!$B$4*SQRT(((G9-H9)/F9)^2*(Parametri!$B$8^2+Parametri!$B$6^2)+((E9+Parametri!$B$5)/F9)^2*Parametri!$B$9^2+(-(E9+Parametri!$B$5)/F9-1)^2*Parametri!$B$9^2+((E9+Parametri!$B$5)*(G9-H9)/F9^2)^2*Parametri!$B$8^2+Parametri!$B$9^2)) | K9: =IF(I9="","",I9*Parametri!$B$11) | L9: =IF(I9="","",100*J9/I9)
A11: Media | I11: =IF(COUNT(I6:I9)=0,"",AVERAGE(I6:I9)) | K11: =IF(I11="","",I11*Parametri!$B$11)
A12: Dev. standard s | I12: =IF(COUNT(I6:I9)<2,"",STDEV(I6:I9))
A13: Dev. standard della media | I13: =IF(COUNT(I6:I9)<2,"",I12/SQRT(COUNT(I6:I9)))
A14: Letteratura (cal/g) | I14: 79.7 | M14: Valore indicativo di letteratura (333,5 J/g): verificare
A15: Scarto da letteratura (%) | I15: =IF(I11="","",100*(I11-I14)/I14)
A17: Nota: m_g = aumento di massa del thermos caldo dopo il trasferimento (ghiaccio + eventuale acqua aderente a 0 °C). Alternativa: pesare il contenitore del ghiaccio prima e dopo il trasferimento.

Sheet Massa equivalente
A1: Massa equivalente del thermos in acqua (opzionale)
A2: M_e = m2 (T2 - T_f)/(T_f - T1) - m1 - m1 = acqua calda nel thermos in esame (T1), m2 = acqua fredda versata (T2)
A4: N° misura | B4: m1 acqua calda (g) | C4: T1 (°C) | D4: m2 acqua fredda (g) | E4: T2 (°C) | F4: T_f equilibrio (°C) | G4: M_e (g) | H4: σ(M_e) (g) | I4: Note
A5: ESEMPIO | B5: 100.2 | C5: 49.8 | D5: 99.9 | E5: 5.3 | F5: 30 | G5: =IF(COUNT(B5:F5)<5,"",D5*(E5-F5)/(F5-C5)-B5) -> 24.422727 | H5: =IF(G5="","",SQRT((((E5-F5)/(F5-C5))^2+1)*Parametri!$B$8^2+(D5/(F5-C5))^2*Parametri!$B$9^2+(D5*(E5-F5)/(F5-C5)^2)^2*Parametri!$B$9^2+(D5*(E5-C5)/(F5-C5)^2)^2*Parametri!$B$9^2)) -> 1.409856 | I5: valori inventati
A6: 1 | G6: =IF(COUNT(B6:F6)<5,"",D6*(E6-F6)/(F6-C6)-B6) | H6: =IF(G6="","",SQRT((((E6-F6)/(F6-C6))^2+1)*Parametri!$B$8^2+(D6/(F6-C6))^2*Parametri!$B$9^2+(D6*(E6-F6)/(F6-C6)^2)^2*Parametri!$B$9^2+(D6*(E6-C6)/(F6-C6)^2)^2*Parametri!$B$9^2))
A7: 2 | G7: =IF(COUNT(B7:F7)<5,"",D7*(E7-F7)/(F7-C7)-B7) | H7: =IF(G7="","",SQRT((((E7-F7)/(F7-C7))^2+1)*Parametri!$B$8^2+(D7/(F7-C7))^2*Parametri!$B$9^2+(D7*(E7-F7)/(F7-C7)^2)^2*Parametri!$B$9^2+(D7*(E7-C7)/(F7-C7)^2)^2*Parametri!$B$9^2))
A8: 3 | G8: =IF(COUNT(B8:F8)<5,"",D8*(E8-F8)/(F8-C8)-B8) | H8: =IF(G8="","",SQRT((((E8-F8)/(F8-C8))^2+1)*Parametri!$B$8^2+(D8/(F8-C8))^2*Parametri!$B$9^2+(D8*(E8-F8)/(F8-C8)^2)^2*Parametri!$B$9^2+(D8*(E8-C8)/(F8-C8)^2)^2*Parametri!$B$9^2))
A10: Media M_e | G10: =IF(COUNT(G6:G8)=0,"",AVERAGE(G6:G8))
A12: Se si usa questo valore al posto di 25 g, aggiornarlo in 'Parametri'. m1 e m2 sono masse d'acqua (pesate per differenza), quindi con incertezza σ_md.
